ITEM_ID,DATE_POSTED,COMMENT,DATE_of_TRIP,DEPARTURE,ARRIVAL,lat-start,long-start,lat-end,long-end,MEDIA_CODE
FB_ORG_01_M01,3/9/16,This post is translated to english.. #المنظمة_البحرية_للمتابعة_والإنقاذ /09/03/2016 الرحلة رقم421 العددي انطلقت من ديكيلي       الساعة5:38 وصلت الى متليني         الساعة 10:35 هذه الرحلة بفضل الله وتعاون المسافرين وصلت بسلامة و الحمدلله   شكراً لأعضاء المنظمة الذين ساهموا في انجاح تسير هذه الرحلة. و الف شكر لله على وصولهم #الفريق_التطوعي [redacted] #Maritime_organisation_for_follow_up_and_rescue /09/03/2016 :Trip number421 :It started from dikili5:38 :Arrived metalini10:35 Thank God this trip arrived okay and safety  Thanks to the members of the organization who have contributed to the success of this trip is going And a thousand thanks to God for their arrival #TheVolunteerTeam [redacted] General Manager [redacted] : Managing Director and General Coordinator Administrative director [redacted]  volunteers official Volunteers director [redacted] : Responsible Documentation [redacted] : volunteer and official ( Weather Meteorological ) [redacted] : volunteer [redacted] : volunteer [redacted] : volunteer [redacted] : volunteer[redacted] : volunteer [redacted]  volunteer [redacted] : volunteer    [redacted]  volunteer [redacted] : volunteer,3/9/16,Dikili,Mytilene ,39.10008666,26.87564211,39.03597328,26.61247169,FB_ORG_03_M01_2of7
FB_ORG_03_M02,3/9/16,This post is translated to english.. #المنظمة_البحرية_للمتابعة_والإنقاذ /09/03/2016 الرحلة رقم420 العددي انطلقت من ديكيلي       الساعة5:37 وصلت الى متليني         الساعة 8:00 هذه الرحلة بفضل الله وتعاون المسافرين وصلت بسلامة و الحمدلله   شكراً لأعضاء المنظمة الذين ساهموا في انجاح تسير هذه الرحلة. و الف شكر لله على وصولهم #الفريق_التطوعير #Maritime_organisation_for_follow_up_and_rescue /09/03/2016 :Trip number420 :It started from dikili5:37 :Arrived metalini8:00 Thank God this trip arrived okay and safety  Thanks to the members of the organization who have contributed to the success of this trip is going And a thousand thanks to God for their arrival #TheVolunteerTeam Mohammed [redacted]: General Manager [redacted]: Managing Director and General Coordinator Administrative director [redacted]: volunteers official Volunteers director[redacted]: Responsible Documentation [redacted]: volunteer and official ( Weather Meteorological ) [redacted]: volunteer [redacted] volunteer [redacted]: volunteer [redacted]: volunteer [redacted] volunteer[redacted]: volunteer [redacted]: volunteer [redacted]: volunteer [redacted]: volunteer,3/9/16,Dikili,Mytilene ,39.10048666,26.87564211,39.03597328,26.61247169,FB_ORG_03_M02_1of4
FB_ORG_03_M03,3/9/16,This post is translated to english.. #المنظمة_البحرية_للمتابعة_والإنقاذ /09/03/2016 الرحلة رقم419 العددي انطلقت من ديكيلي       الساعة5:20 وصلت الى متليني         الساعة 8:24 هذه الرحلة بفضل الله وتعاون المسافرين وصلت بسلامة و الحمدلله   شكراً لأعضاء المنظمة الذين ساهموا في انجاح تسير هذه الرحلة. و الف شكر لله على وصولهم #الفريق_التطوعي: [redacted] #Maritime_organisation_for_follow_up_and_rescue /09/03/2016 :Trip number419 :It started from dikili5:20 :Arrived metalini8:24 Thank God this trip arrived okay and safety  Thanks to the members of the organization who have contributed to the success of this trip is going And a thousand thanks to God for their arrival #TheVolunteerTeam [redated]: General Manager  [redated]: Managing Director and General Coordinator Administrative director  [redated]: volunteers official Volunteers director  [redated]: Responsible Documentation  [redated]: volunteer and official ( Weather Meteorological )  [redated]: volunteer  [redated]: volunteer  [redated]: volunteer  [redated]: volunteer  [redated]: volunteer  [redated]: volunteer [redated] volunteer  [redated]: volunteer  [redated]: volunteer,3/9/16,Dikili,Mytilene ,39.10058666,26.87564211,39.03597328,26.61247169,FB_ORG_03_M03_1of6
FB_ORG_03_M04,3/9/16,This post is translated to english.. #المنظمة_البحرية_للمتابعة_والإنقاذ /09/03/2016 الرحلة رقم417 انطلقت من كاباكوم       الساعة2:32 وصلت الى باساس       الساعة 6:25 هذه الرحلة بفضل الله وتعاون المسافرين وصلت بسلامة و الحمدلله  . شكراً لأعضاء المنظمة الذين ساهموا في انجاح تسير هذه الرحلة. و الف شكر لله على وصولهم #الفريق_التطوعيرمضان كيفو: متطوع  نور الشام :متطوعة باسل عطار: متطوع نارت سريو: متطوع  يوسف طالب: متطوع #Maritime_organisation_for_follow_up_and_rescue /09/03/2016 :Trip number417 :It started from kabakoum2:32 :Arrived pasas6:25 Thank God this trip arrived okay and safety  Thanks to the members of the organization who have contributed to the success of this trip is going And a thousand thanks to God for their arrival #TheVolunteerTeam [redacted] General Manager [redacted]: Managing Director and General Coordinator Administrative director [redacted]: volunteers official Volunteers director [redacted] Responsible Documentation [redacted]: volunteer and official ( Weather Meteorological ) [redacted]: volunteer [redacted]: volunteer [redacted]: volunteer Alhalabi Abo Lhuor: volunteer [redacted]: volunteer[redacted]: volunteer [redacted]: volunteer  [redacted]: volunteer [redacted]: volunteer,3/9/16,Karaburun,Pasas,38.51373924,26.3937017,38.50252851,26.2926918,FB_ORG_03_M04_6of8
FB_ORG_03_M05,3/9/16,This post is translated to english.. #المنظمة_البحرية_للمتابعة_والإنقاذ /09/03/2016 الرحلة رقم416 انطلقت من كاباكوم       الساعة5:18 وصلت الى باساس       الساعة 6:13 هذه الرحلة بفضل الله وتعاون المسافرين وصلت بسلامة و الحمدلله  . شكراً لأعضاء المنظمة الذين ساهموا في انجاح تسير هذه الرحلة. و الف شكر لله على وصولهم #الفريق_التطوعيمضان كيفو: متطوع  نور الشام :متطوعة باسل عطار: متطوع نارت سريو: متطوع  يوسف طالب: متطوع #Maritime_organisation_for_follow_up_and_rescue /09/03/2016 :Trip number416 :It started from kabakoum :Arrived pasas6:13 Thank God this trip arrived okay and safety  Thanks to the members of the organization who have contributed to the success of this trip is going And a thousand thanks to God for their arrival #TheVolunteerTeam [redacted]: General Manager  [redacted]: Managing Director and General Coordinator Administrative director  [redacted]: volunteers official Volunteers director  [redacted]: Responsible Documentation  [redacted] volunteer and official ( Weather Meteorological )  [redacted]: volunteer  [redacted]: volunteer  [redacted]: volunteer  [redacted]: volunteer  [redacted]: volunteer  [redacted]: volunteer  [redacted]: volunteer  [redacted] volunteer [redacted]: volunteer,3/9/16,Karaburun,Pasas,38.51373924,26.3937017,38.50252851,26.2926918,FB_ORG_03_M05_2of4
FB_ORG_03_M06,3/9/16,"This post is translated to english.. #المنظمة_البحرية_للمتابعة_والإنقاذ /09/03/2016 الرحلة رقم415 العددي انطلقت من ديكيلي       الساعة23:48 وصلت الى متليني         الساعة 3:14 هذه الرحلة بفضل الله وتعاون المسافرين وصلت بسلامة و الحمدلله  رغم محاولات الخفر التركي الامساك بهم ولكن  الافلات منهم شكراً لأعضاء المنظمة الذين ساهموا في انجاح تسير هذه الرحلة. و الف شكر لله على وصولهم #الفريق_التطوعي [redacted] #Maritime_organisation_for_follow_up_and_rescue /09/03/2016 :Trip number415 :It started from dikili23:48 :Arrived metalini3:18 Thank God this trip arrived okay and safety It arrived, despite attempts by the Turkish Patrol caught but elude them Thanks to the members of the organization who have contributed to the success of this trip is going And a thousand thanks to God for their arrival #TheVolunteerTeam [redacted] General Manager [redacted]: Managing Director and General Coordinator Administrative director [redacted]: volunteers official Volunteers director [redacted]: Responsible Documentation [redacted]: volunteer and official ( Weather Meteorological ) [redacted]: volunteer [redacted]: volunteer [redacted]: volunteer [redacted]: volunteer [redacted]: volunteer [redacted]: volunteer [redacted]: volunteer  [redacted]: volunteer [redacted]: volunteer",3/9/16,Dikili,Mytilene ,39.09768289,26.87713627,39.03597328,26.61247169,FB_ORG_03_M06_1of6
FB_ORG_03_M07,3/8/16,"This post is translated to english...          #المنظمة_البحرية_للمتابعة_والإنقاذ  08/03/2016 الرحلة رقم:  414 انطلقت من:  شيشما                   20:51 وصلت الى: كيوس                   22:50   انطلقت هذه الرحلة من أحد الشواطىء التركية باتجاه الجزيرة اليونانية.. سارت بسلاسة و بشكل ممتاز دون أي عوائق،، و بفضل الله وتوجيهات أعضاء المنظمة وصلت هذه الرحلة بسلامة..  ألف شكر لله على وصول الرحلة بسلامة  والشكر لجميع أعضاء المنظمة على مساهمتهم في نجاح تسيير هذه الرحلة .. #الفريق_التطوعي #Maritime_organisation_for_follow_up_and_rescue 08/03/2016 Flight number  414 Launched from: Çeşme        20:51 Arrived to : Xioş               22:50 This trip was launched from one of the Turkish shores toward the Greek island .. It went smoothly and an excellent manner without any problems,, thanks to God and guidance members of the Organization has reached this trip safety.. Thousand thanks to God for the arrival of the flight safety And thanks to all members of the organization for their contribution to the success of the conduct of this trip. #Volunteers_Team [redacted]: General Manager  [redacted]: Managing Director and General Coordinator Administrative director  [redacted]: volunteers official Volunteers director  [redacted]: volunteer and official ( Weather Meteorological )  [redacted]: Responsible Documentation  [redacted] : volunteer and administrator for contact and call rescue  [redacted]: volunteer  [redacted]: volunteer  [redacted]: volunteer  [redacted]: volunteer  [redacted]: volunteer  [redacted]: volunteer  [redacted]: volunteer  [redacted]: volunteer  [redacted] volunteer",3/8/16,Çeşme,Chios,38.26935831,26.26665072,38.3013016,26.14978711,
FB_ORG_03_M08,3/6/16,This post is translated to english... # ﺍﻟﻤﻨﻈﻤﺔ _ ﺍﻟﺒﺤﺮﻳﺔ _ ﻟﻠﻤﺘﺎﺑﻌﺔ _ ﻭﺍﻹﻥﻗﺎﺫ 05/03/2016 ﺍﻟﺮﺣﻠﺔ ﺭﻗﻢ 412 ﺍﻧﻄﻠﻘﺖ ﻣﻦ ﺑﻮﺩﺭﻡ ﺍﻟﺴﺎﻋﺔ : 8:00 ﻭﺻﻠﺖ ﺍﻟﻰ ﻛﺎﻟﻴﻤﻨﻮﺱ ﺍﻟﺴﺎﻋﺔ 11:00 ﻫﺬﻩ ﺍﻟﺮﺣﻠﺔ ﺑﻔﻀﻞ ﺍﻟﻠﻪ ﻭﺗﻌﺎﻭﻥ ﺍﻟﻤﺴﺎﻓﺮﻳﻦ ﻭﺻﻠﺖ ﺑﺴﻼﻣﺔ ﻭ ﺍﻟﺤﻤﺪﻟﻠﻪ ﺷﻜﺮﺍً ﻷﻋﻀﺎﺀ ﺍﻟﻤﻨﻈﻤﺔ ﺍﻟﺬﻳﻦ ﺳﺎﻫﻤﻮﺍ ﻓﻲ ﺍﻧﺠﺎﺡ ﺗﺴﻴﺮ ﻫﺬﻩ ﺍﻟﺮﺣﻠﺔ . ﻭ ﺍﻟﻒ ﺷﻜﺮ ﻟﻠﻪ ﻋﻠﻰ ﻭﺻﻮﻟﻬﻢ # ﺍﻟﻔﺮﻳﻖ _ ﺍﻟﺘﻄﻮﻋﻲ  # Maritime_organi sation_for_follow_up_and_rescue /05/03/2016 Trip number 412 It started from Badrum 8:00 Arrived Kalimnos 11:00 Thank God this trip arrived okay and safety Thanks to the members of the organization who have contributed to the success of this trip is going And a thousand thanks to God for their arrival # Volunteers_Team [redacted]: General Manager  [redacted] : Managing Director and General Coordinator Administrative director  [redacted] volunteers official Volunteers director  [redacted]: volunteer and official ( Weather Meteorological )  [redacted]: Responsible Documentation  [redacted] : volunteer and administrator for contact and call rescue  [redacted]: volunteer  [redacted]: volunteer  [redacted]: volunteer [redacted]: volunteer  [redacted]: volunteer  [redacted]: volunteer  [redacted]: volunteer  [redacted]: volunteer  [redacted]: volunteer  [redacted]: volunteer,3/5/16,Bodrum,Kalimnos,37.13898614,27.27383019,36.95010263,26.98585562,
FB_ORG_03_M09,3/6/16,"This post is translated to english...          #المنظمة_البحرية_للمتابعة_والإنقاذ  05/03/2016 الرحلة رقم:  411 انطلقت من:  شيشما                 19:32 وصلت الى: كيوس                   21:43  انطلقت هذه الرحلة من أحد الشواطىء التركية باتجاه الجزيرة اليونانية.. سارت بسلاسة و بشكل ممتاز دون أي عوائق،، و بفضل الله وتوجيهات أعضاء المنظمة وصلت هذه الرحلة بسلامة..  ألف شكر لله على وصول الرحلة بسلامة  والشكر لجميع أعضاء المنظمة على مساهمتهم في نجاح تسيير هذه الرحلة .. #الفريق_التطوعي [REDACTED]  #Maritime_organisation_for_follow_up_and_rescue 05/03/2016 Flight number  411 Launched from: Çeşme        19:32 Arrived to : Xioş               21:43 This trip was launched from one of the Turkish shores toward the Greek island .. It went smoothly and an excellent manner without any problems,, thanks to God and guidance members of the Organization has reached this trip safety.. Thousand thanks to God for the arrival of the flight safety And thanks to all members of the organization for their contribution to the success of the conduct of this trip. #Volunteers_Team [redacted]: General Manager [redacted] : Managing Director and General Coordinator Administrative director [redacted]: volunteers official Volunteers director[redacted] volunteer and official ( Weather Meteorological ) [redacted] Responsible Documentation [redacted] : volunteer and administrator for contact and call rescue [redacted]: volunteer [redacted] volunteer [redacted]: volunteer [redacted]: volunteer [redacted]: volunteer [redacted]: volunteer [redacted]: volunteer [redacted]: volunteer [redacted]: volunteer [redacted]: volunteer",3/5/16,Çeşme,Chios,38.26455603,26.23822026,38.3013016,26.14978711,
FB_ORG_03_M10,3/5/16,ﺍﻹﻧﻘﺎﺫ ﻣThis post is translated to english... # ﺍﻟﻤﻨﻈﻤﺔ _ ﺍﻟﺒﺤﺮﻳﺔ _ ﻟﻠﻤﺘﺎﺑﻌﺔ _ ﻭﺍﻹﻥﻗﺎﺫ  05/03/2016  ﺍﻟﺮﺣﻠﺔ ﺭﻗﻢ  413  ﺍﻧﻄﻠﻘﺖ ﻣﻦ ﺩﻳﺪﻡ ﺍﻟﺴﺎﻋﺔ 19:14 ﻭﺻﻠﺖ ﺍﻟﻰ ﻓﺎﺭﻣﻜﻨﻴﺴﻲ ﺍﻟﺴﺎﻋﺔ 21:10 ﻫﺬﻩ ﺍﻟﺮﺣﻠﺔ ﺑﻔﻀﻞ ﺍﻟﻠﻪ ﻭﺗﻌﺎﻭﻥ ﺍﻟﻤﺴﺎﻓﺮﻳﻦ ﻭﺻﻠﺖ ﺑﺴﻼﻣﺔ ﻭ ﺍﻟﺤﻤﺪﻟﻠﻪ ﺷﻜﺮﺍً ﻷﻋﻀﺎﺀ ﺍﻟﻤﻨﻈﻤﺔ ﺍﻟﺬﻳﻦ ﺳﺎﻫﻤﻮﺍ ﻓﻲ ﺍﻧﺠﺎﺡ ﺗﺴﻴﺮ ﻫﺬﻩ ﺍﻟﺮﺣﻠﺔ . ﻭ ﺍﻟﻒ ﺷﻜﺮ ﻟﻠﻪ ﻋﻠﻰ ﻭﺻﻮﻟﻬﻢ # ﺍﻟﻔﺮﻳﻖ _ ﺍﻟﺘﻄﻮﻋﻲ # Maritime_organisation_for_foll ow_up_and_rescue /05/03/2016 :Trip number 413 :It started from didim19:14 :Arrived farmknisi 21:10 Thank God this trip arrived okay and safety Thanks to the members of the organization who have contributed to the success of this trip is going And a thousand thanks to God for their arrival #Maritime_organisation_for_foll ow_up_and_rescue /05/03/2016 :Trip number 413 :It started from didim19:14 :Arrived farmknisi 21:10  # Volunteers_Team [redacted]: General Manager [redacted]: Managing Director and General Coordinator Administrative director [redacted]: volunteers official Volunteers director [redacted]: volunteer and official ( Weather Meteorological ) [redacted]: Responsible Documentation [redacted]: volunteer and administrator for contact and call rescue [redacted]: volunteer [redacted]: volunteer [redacted]: volunteer [redacted]: volunteer [redacted]: volunteer [redacted]: volunteer [redacted]: volunteer [redacted]: volunteer [redacted]: voluntee,3/5/16,Didim,Farmakonisi,37.33661628,27.24999047,37.30260385,27.09881522,
FB_ORG_03_M11,3/5/16,"#المنظمة_البحرية_للمتابعة_والإنقاذ الرحلة رقم  : 410 تاريخ : 5/3/2016 نقطة وتوقيت الانطلاق: دكيلي 9 صباحا نقطة وتوقيت الوصول: ميتاليني 1:30 العدد : 39 بينهم 11 طفل نوع المركب : زورق مطاطي سير الرحلة : بعد تأجيلها لعدة أيام بسبب تشديد الخفر تم وبعون الله انطلاق الرحلة بظروف جوية جيدة قبل العاصفة ولكن برقم تواصل واحد فقط مما أدى لصعوبة في استمرار التواصل في مناطق انقطاع التغطية ولكن تم وصولهم للشاطئ اليوناني بمساعدة الخفر اليوناني فلهم كل التحية  ألف شكر لله على وصول الرحلة بسلامة  والشكر لجميع أعضاء المنظمة_البحرية_للمتابعة_والإنقاذ على عملهم الدؤوب في متابعة مثل هذه الرحلات.  #الفريق_التطوعي:[redacted] #Maritime_organisation_for_follow_up_and_rescue Trip number: 410 Date: 03/05/2016 And the timing of the starting point: Dikili 9:00 Point and timing of arrival: 1:30 Matalina Issue Number: 39, including 11 children Compound type: rubber boat Itinerary: After delayed for several days due to the tightening of the orderlies were and the help of God trip starting good air conditions before the storm, but only one continues to figure which led to difficulty in continuing to communicate in the coverage areas outages but was arrival of the Greek beach with the help of the Greek orderlies they have all salute  Thanks  to God for the arrival of the flight safety And thanks to all the members of the IMO for follow-up and rescue operations for their hard work in following up on such trips. [: General Manager [redacted]: Managing Director and General Coordinator Administrative director [redacted]: volunteers official Volunteers director [redacted]: Responsible Documentation [redacted]: volunteer and administrator for contact and call rescue [redacted]: volunteer [redacted]: volunteer and official Weather ( Meteorological ) [redacted]: volunteer [redacted]: volunteer [redacted]: volunteer [redacted]: volunteer [redacted]: lina volunteer [redacted]: volunteer [redacted]: volunteer [redacted] volunteer [redacted]: volunteer [redacted]:volunteer [redacted]:volunteer [redacted]:volunteer  [redacted] : volunteer [redacted]:Volunter",3/5/16,Dikili,Mytilene ,39.10008666,26.87564211,39.03597328,26.61247169,FB_ORG_03_M11_10of15
FB_ORG_03_M12,3/3/16,,3/2/16,Dikili,Mytilene ,39.10008666,26.87564211,39.03597328,26.61247169,
FB_ORG_03_M13,3/3/16,,3/1/16,Dikili,Mytilene ,39.10008666,26.87564211,39.03597328,26.61247169,
FB_ORG_03_M14,3/6/16,,3/1/16,Urla,Pasas,38.49267776,26.41203239,38.50252851,26.2926918,
FB_ORG_03_M15,2/29/16,,2/29/16,Bademli,Mytilene ,39.0387441,26.82521023,39.10109313,26.55756003,
FB_ORG_03_M16,2/29/16,,2/29/16,Bademli,Mytilene ,39.0387441,26.82521023,39.10109313,26.55756003,
FB_ORG_05_M17,2/29/16,,2/29/16,Bademli,Mytilene ,39.0387441,26.82521023,39.10109313,26.55756003,
FB_ORG_03_M18,2/28/16,,2/28/16,Bademli,Mytilene ,39.0387441,26.82521023,39.10109313,26.55756003,
FB_ORG_03_M19,2/28/16,,2/28/16,Çeşme,Chios,38.26392633,26.24326135,38.3013016,26.14978711,
 FB_ORG_03_M20,2/28/16,,2/28/16,Bademli,Mytilene ,39.0387441,26.82521023,39.10109313,26.55756003,
FB_ORG_03_M21,2/28/16,,2/28/16,Bademli,Mytilene ,39.0387441,26.82521023,39.10109313,26.55756003,
FB_ORG_03_M22,2/28/16,,2/28/16,Bademli,Mytilene ,39.0387441,26.82521023,39.10109313,26.55756003,
FB_ORG_03_M23,2/28/16,,2/28/16,Bademli,Mytilene ,39.0387441,26.82521023,39.10109313,26.55756003,
FB_ORG_03_M24,2/28/16,,2/28/16,Dikili,Mytilene ,39.10008666,26.87564211,39.03597328,26.61247169,
FB_ORG_03_M25,2/27/16,,2/28/16,Dikili,Mytilene ,39.10008666,26.87564211,39.03597328,26.61247169,
FB_ORG_03_M26,2/27/16,,2/28/16,Dikili,Mytilene ,39.10008666,26.87564211,39.03597328,26.61247169,
FB_ORG_03_M27,2/27/16,,2/28/16,Dikili,Mytilene ,39.10008666,26.87564211,39.03597328,26.61247169,
FB_ORG_03_M28,2/27/16,,2/27/16,Dikili,Mytilene ,39.10008666,26.87564211,39.03597328,26.61247169,
FB_ORG_03_M29,2/26/16,,2/26/16,Bademli,Mytilene ,39.0387441,26.82521023,39.10109313,26.55756003,
FB_ORG_03_M30,2/26/16,,2/26/16,Bademli,Mytilene ,39.0387441,26.82521023,39.10109313,26.55756003,
FB_ORG_03_M31,2/26/16,,2/26/16,Avalek,Mytilene ,39.32025959,26.69164382,39.22628356,26.46051576,
FB_ORG_03_M32,2/26/16,,2/26/16,Dikili,Mytilene ,39.10008666,26.87564211,39.03597328,26.61247169,
FB_ORG_03_M33,2/26/16,,2/26/16,Avalek,Mytilene ,39.32025959,26.69164382,39.22956847,26.4555684,
FB_ORG_03_M34,2/26/16,,2/26/16,Avalek,Mytilene ,39.32025959,26.69164382,39.23162967,26.45637372,
FB_ORG_03_M35,2/26/16,,2/26/16,Dikili,Mytilene ,39.10008666,26.87564211,39.03597328,26.61247169,
FB_ORG_03_M36,2/26/16,,2/26/16,Dikili,Mytilene ,39.10008666,26.87564211,39.03597328,26.61247169,
FB_ORG_03_M37,2/25/16,,2/26/16,Dikili,Mytilene ,39.10008666,26.87564211,39.03597328,26.61247169,
FB_ORG_03_M38,2/26/16,,2/26/16,Didim,Nera,37.33808505,27.24532474,37.45580508,26.96720683,
FB_ORG_03_M39,2/25/16,,2/25/16,Çeşme,Chios,38.35626185,26.29926379,38.37200487,26.13750838,
FB_ORG_03_M40,2/25/16,,2/25/16,Dikili,Mytilene ,39.10008666,26.87564211,39.03597328,26.61247169,
FB_ORG_03_M41,2/23/16,,2/23/16,Kusadasi,Samos,37.85629435,27.2428957,37.77723927,26.99787696,
FB_ORG_03_M42,2/23/16,,2/23/16,Bademli,Mytilene ,39.0387441,26.82521023,39.10109313,26.55756003,
FB_ORG_03_M43,2/23/16,,2/23/16,Bademli,Mytilene ,39.0387441,26.82521023,39.10109313,26.55756003,
FB_ORG_03_M44,2/22/16,,2/22/16,Çeşme,Chios,38.26346355,26.2415636,38.3013016,26.14978711,
FB_ORG_03_M45,2/22/16,,2/20/16,Bademli,Mytilene ,39.0387441,26.82521023,39.10109313,26.55756003,
FB_ORG_03_M46,2/22/16,,2/22/16,Dikili,Mytilene ,39.10008666,26.87564211,39.03597328,26.61247169,
FB_ORG_03_M47,2/21/16,,2/22/16,Dikili,Mytilene ,39.10008666,26.87564211,39.03597328,26.61247169,
FB_ORG_03_M48,2/20/16,,2/20/16,Çeşme,Chios,38.34860455,26.28424377,38.36876927,26.13820504,
FB_ORG_03_M49,2/20/16,,2/20/16,Dikili,Mytilene ,39.10008666,26.87564211,39.03597328,26.61247169,
FB_ORG_03_M50,2/19/16,,2/20/16,Dikili,Mytilene ,39.10008666,26.87564211,39.03597328,26.61247169,
FB_ORG_03_M51,2/19/16,,2/19/16,Dikili,Mytilene ,39.10008666,26.87564211,39.03597328,26.61247169,
FB_ORG_03_M52,2/19/16,,2/19/16,Bademli,Mytilene ,39.0387441,26.82521023,39.10109313,26.55756003,
FB_ORG_03_M53,2/18/16,,2/19/16,Bademli,Mytilene ,39.0387441,26.82521023,39.10109313,26.55756003,
FB_ORG_03_M54,2/18/16,,2/19/16,Dikili,Mytilene ,39.10008666,26.87564211,39.03597328,26.61247169,
FB_ORG_03_M55,2/18/16,,2/19/16,Bademli,Mytilene ,39.0387441,26.82521023,39.10109313,26.55756003,
FB_ORG_03_M56,2/18/16,,2/18/16,Kusadasi,Samos,37.85581694,27.24314637,37.77810425,27.01137801,
FB_ORG_03_M57,2/18/16,,2/18/16,Kusadasi,Samos,37.82416254,27.25878642,37.77797137,27.00445524,
FB_ORG_03_M58,2/18/16,,2/18/16,Kas,Kastellorizo,36.19844702,29.62667454,36.16373425,29.59960151,
FB_ORG_03_M59,2/17/16,,2/18/16,Dikili,Mytilene ,39.10008666,26.87564211,39.03597328,26.61247169,
FB_ORG_03_M60,2/17/16,,2/18/16,Bademli,Mytilene ,39.0387441,26.82521023,39.10109313,26.55756003,
FB_ORG_03_M61,2/17/16,,2/17/16,Bademli,Mytilene ,39.0387441,26.82521023,39.10109313,26.55756003,
FB_ORG_03_M62,2/17/16,,2/17/16,Dikili,Mytilene ,39.10008666,26.87564211,39.03597328,26.61247169,
FB_ORG_03_M63,2/17/16,,2/17/16,Behram,Lesbos,39.48213372,26.32913551,39.37968349,26.33259887,
FB_ORG_03_M64,2/17/16,,2/17/16,Behram,Lesbos,38.9337638,26.82954075,39.37968349,26.33259887,
FB_ORG_03_M65,2/17/16,,2/17/16,Çeşme,Chios,38.26346355,26.2415636,38.3013016,26.14978711,
FB_ORG_03_M66,2/17/16,,2/17/16,Didim,Farmakonisi,37.3363887,27.24927184,37.2983311,27.0964439,
FB_ORG_03_M67,2/16/16,,2/16/16,Çeşme,Vokaria,38.26346355,26.2415636,38.23672821,26.11265829,
FB_ORG_03_M68,2/16/16,,2/17/16,Çeşme,Chios,38.26952192,26.25608667,38.3013016,26.14978711,
FB_ORG_03_M69,2/16/16,,2/17/16,Dikili,Mytilene ,39.10008666,26.87564211,39.03597328,26.61247169,
FB_ORG_03_M70,2/16/16,,2/17/17,Bodrum,Kos,37.0223502,27.41924962,36.89849155,27.28696651,
FB_ORG_03_M71,2/16/16,,2/16/17,Bademli,Mytilene,39.0387441,26.82521023,39.10109313,26.55756003,
FB_ORG_03_M72,2/16/16,,2/16/17,Çeşme,Chios,38.26346355,26.2415636,38.3013016,26.14978711,
FB_ORG_03_M73,2/16/16,,2/16/17,Çeşme,Chios,38.36626842,26.30519867,38.37200487,26.13750838,
FB_ORG_03_M74,2/16/16,,2/16/16,Bademli,Mytilene ,39.0387441,26.82521023,39.10109313,26.55756003,
FB_ORG_03_M75,2/13/16,,2/9/16,Kusadasi,Samos,37.82811556,27.24264166,37.75002695,26.97455155,
FB_ORG_03_M76,2/19/16,,2/9/16,Çeşme,Chios,38.26575937,26.28267489,38.3013016,26.14978711,
FB_ORG_03_M77,2/9/16,,2/9/16,Cumhuriyet,Mytilene ,39.1634805,26.78751196,39.09152686,26.56374463,
FB_ORG_03_M78,2/9/16,,2/9/16,Bademli,Mytilene ,39.0387441,26.82521023,39.10109313,26.55756003,
FB_ORG_03_M79,2/9/16,,2/19/16,Bademli,Mytilene ,39.0387441,26.82521023,39.10109313,26.55756003,
FB_ORG_03_M80,2/9/16,,2/9/16,Densa,Samos,37.73311243,27.2426641,37.73750951,27.04113685,
FB_ORG_03_M81,2/8/16,,2/9/16,Bademli,Mytilene ,39.0387441,26.82521023,39.10109313,26.55756003,
FB_ORG_03_M82,2/8/16,,2/8/16,Bademli,Mytilene ,39.0387441,26.82521023,39.10109313,26.55756003,
FB_ORG_03_M83,2/8/16,,2/8/16,Çeşme,Chios,38.34367493,26.28567653,38.36519264,26.14405688,
FB_ORG_03_M84,2/8/16,,2/8/16,Cozdero,Chios,38.35496175,26.28367336,38.36928125,26.14348665,
FB_ORG_03_M85,2/8/16,,2/8/16,Dikili,Mytilene ,39.10008666,26.87564211,39.03597328,26.61247169,
FB_ORG_03_M86,2/7/16,,2/8/16,Dikili,Mytilene ,39.10008666,26.87564211,39.03597328,26.61247169,
FB_ORG_03_M87,2/5/16,,2/3/16,Behram,Skala ,39.48435466,26.33421997,39.37402474,26.3012979,
FB_ORG_03_M88,2/5/16,,2/4/16,Kas,Ro,36.20985766,29.51882485,36.1582663,29.49559042,
FB_ORG_03_M89,2/5/16,,2/3/16,Behram,Lesbos,39.48213372,26.32913551,39.37968349,26.33259887,
FB_ORG_03_M90,2/3/16,,2/2/16,Bademli,Mytilene ,39.0387441,26.82521023,39.10109313,26.55756003,
FB_ORG_03_M91,2/3/16,,2/3/16,Behram,Lesbos,39.48213372,26.32913551,39.37968349,26.33259887,
FB_ORG_03_M92,2/2/16,,2/2/16,Dikili,Mytilene ,39.10008666,26.87564211,39.03597328,26.61247169,
FB_ORG_03_M93,2/2/16,,2/2/16,Behram,Lesbos,39.48213372,26.32913551,39.37968349,26.33259887,
FB_ORG_03_M94,2/2/16,,2/2/16,Aydenis,Inousses,38.58024881,26.36037058,38.52256885,26.27024482,
FB_ORG_03_M95,2/2/16,,2/2/16,Bademli,Mytilene ,39.0387441,26.82521023,39.10109313,26.55756003,
FB_ORG_03_M96,2/2/16,,2/2/16,Bademli,Mytilene ,39.0387441,26.82521023,39.10109313,26.55756003,
FB_ORG_03_M97,2/1/16,,2/1/16,Behram,Lesbos,39.48213372,26.32913551,39.37968349,26.33259887,
FB_ORG_03_M98,2/1/16,,2/1/16,Didim,n/a,,,,,
FB_ORG_03_M99,2/1/16,,1/31/16,Kusadasi,Samos,37.7665857,27.26079364,37.76002809,27.0289519,
FB_ORG_03_M100,1/31/16,,1/31/16,Bademli,Mytilene ,39.0387441,26.82521023,39.10109313,26.55756003,
FB_ORG_03_M101,1/31/16,,1/31/16,Bademli,Mytilene ,39.0387441,26.82521023,39.10109313,26.55756003,
FB_ORG_03_M102,1/31/16,,1/31/16,Didim,Farmakonisi,37.38856668,27.21439616,37.28792057,27.09103388,
FB_ORG_03_M103,1/30/16,,1/30/16,Bozcaada,Lemnos,39.84152794,26.03940968,39.89479955,25.35522466,
FB_ORG_03_M104,1/30/16,,1/30/16,Didim,Farmakonisi,37.3638551,27.20329435,37.29364638,27.08966443,
FB_ORG_03_M105,1/30/16,,1/30/16,Çeşme,Chios,38.26346355,26.2415636,38.3013016,26.14978711,
FB_ORG_03_M106,1/30/16,,1/30/16,Bademli,Mytilene ,39.0387441,26.82521023,39.10109313,26.55756003,
FB_ORG_03_M107,1/30/16,,1/31/16,Pinar Adasi,Palios,39.33405809,26.60025259,39.32852499,26.41923508,
FB_ORG_03_M108,1/30/16,,1/30/16,Bademli,Mytilene ,39.0387441,26.82521023,39.10109313,26.55756003,
FB_ORG_03_M109,1/30/16,,1/30/16,Behram,Lesbos,39.48213372,26.32913551,39.37968349,26.33259887,
FB_ORG_03_M110,1/30/16,,1/30/16,Dikili,Mytilene ,39.10008666,26.87564211,39.03597328,26.61247169,
FB_ORG_03_M111,1/30/16,,1/30/16,Çeşme,Chios,38.290333,26.23280976,38.3030366,26.15259585,
FB_ORG_03_M112,1/29/16,,1/30/16,Çeşme,Chios,38.26389321,26.24323478,38.37200487,26.13750838,
FB_ORG_03_M113,1/29/16,,1/30/16,Dikili,Mytilene ,39.10008666,26.87564211,39.03597328,26.61247169,
FB_ORG_03_M114,1/29/16,,1/29/16,Kusadasi,Samos,37.71892214,27.2225896,37.73065415,27.03541636,
FB_ORG_03_M115,1/29/16,,1/29/16,Kas,Kastellolorizo,36.19773314,29.61751497,36.15085837,29.59268908,
FB_ORG_03_M116,1/29/16,,1/29/16,Bademli,Mytilene ,39.0387441,26.82521023,39.10109313,26.55756003,
FB_ORG_03_M117,1/29/16,,1/29/16,Çeşme,Pasas,38.55392832,26.37136634,38.50252851,26.2926918,
FB_ORG_03_M118,1/28/16,,1/29/16,Bademli,Mytilene ,39.0387441,26.82521023,39.10109313,26.55756003,
FB_ORG_03_M119,1/28/16,,1/28/16,Bademli,Mytilene ,39.0387441,26.82521023,39.10109313,26.55756003,
FB_ORG_03_M120,1/28/16,,1/28/16,Çeşme,Chios,38.34636384,26.28479955,38.37200487,26.13750838,
FB_ORG_03_M121,1/28/16,,1/28/16,Behram,Lesbos,39.48213372,26.32913551,39.37968349,26.33259887,
FB_ORG_03_M122,1/28/16,,,Didim,Farmakonisi,37.37503587,27.20785709,37.30721512,27.09054061,
FB_ORG_03_M123,1/28/16,,1/28/16,Denizköy,Mytilene ,38.95201359,26.80156571,39.04686328,26.61031113,
FB_ORG_03_M124,1/28/16,,1/28/16,Dikili,Mytilene ,39.10008666,26.87564211,39.03597328,26.61247169,
FB_ORG_03_M125,1/28/16,,1/28/16,Baktash,Skala,39.47808911,26.25375504,39.37467205,26.30646029,
FB_ORG_03_M126,1/28/16,,1/28/16,Dikili,Mytilene,39.10008666,26.87564211,39.03597328,26.61247169,
FB_ORG_03_M127,1/28/16,,1/28/16,Koyonfi,Mytilene,39.14895267,26.82405097,39.10009278,26.55732716,
FB_ORG_03_M128,1/27/16,,1/27/16,Dikili,Mytilene,39.10008666,26.87564211,39.03597328,26.61247169,
FB_ORG_03_M129,1/27/16,,1/27/16,Behram,Lesbos,39.48213372,26.32913551,39.37968349,26.33259887,
FB_ORG_03_M130,1/27/16,,1/27/16,Izmer beaches,Samos,38.46414744,27.04498531,,,
FB_ORG_03_M131,1/27/16,,1/27/16,Dikili,Mytilene ,39.10008666,26.87564211,39.03597328,26.61247169,
FB_ORG_03_M132,1/26/16,,1/27/16,Bodrum,Kos,37.03080704,27.4005632,36.88636418,27.30981597,
FB_ORG_03_M133,1/26/16,,1/26/16,Bademli,Mytilene,39.0387441,26.82521023,39.10109313,26.55756003,
FB_ORG_03_M134,1/25/16,,1/26/16,Bademli,Mytilene,39.0387441,26.82521023,39.10109313,26.55756003,
FB_ORG_03_M135,1/25/16,,1/26/16,Behram,Lesbos,39.48213372,26.32913551,39.37968349,26.33259887,
FB_ORG_03_M136,1/25/16,,1/26/16,Çeşme,Chios,38.34458432,26.28540331,38.37200487,26.13750838,
FB_ORG_03_M137,,,,,,,,,,
FB_ORG_03_M138,1/25/16,,1/26/16,Karaburn,Pasas,38.51373924,26.3937017,38.50252851,26.2926918,
FB_ORG_03_M139,1/25/16,,1/26/16,Dikili,Mytilene,39.10008666,26.87564211,39.03597328,26.61247169,
FB_ORG_03_M140,1/25/16,,1/21/16,Bademli,Mytilene ,39.0387441,26.82521023,39.10109313,26.55756003,
FB_ORG_03_M141,1/25/16,,1/25/16,Behram,Skala,39.48213372,26.32913551,39.37402474,26.3012979,
FB_ORG_03_M142,1/25/16,,1/25/16,Behram,back to turkey,39.48306368,26.33200893,39.473674,26.33300489,
FB_ORG_03_M143,1/24/16,,1/23/16,Dikili,back to turkey,39.10008666,26.87564211,39.03597328,26.61247169,
FB_ORG_03_M144,1/24/16,,1/22/16,Dikili,Mytilene ,39.10008666,26.87564211,39.03597328,26.61247169,
FB_ORG_03_M145,1/24/16,,1/22/16,Kusadasi,Samos,37.96357068,27.26132735,37.78211814,26.98967713,
FB_ORG_03_M146,1/24/16,,1/22/16,Didim,Farmakonisi,37.3638551,27.20329435,37.30721512,27.09054061,
FB_ORG_03_M147,1/24/16,,1/22/16,Çeşme,Chios,38.26346355,26.2415636,38.3013016,26.14978711,
FB_ORG_03_M148,1/24/16,,1/22/16,Behram,Lesbos,39.48213372,26.32913551,39.37968349,26.33259887,
FB_ORG_03_M149,1/24/16,,1/21/16,Didim,Farmakonisi,37.33876678,27.23505329,37.28889962,27.09499187,
FB_ORG_03_M150,1/24/16,,1/21/16,Sogucak,Samos,37.78421015,27.26559551,37.72840661,27.03760274,
FB_ORG_03_M151,1/24/16,,1/21/16,Behram,Lesbos,39.48213372,26.32913551,39.37968349,26.33259887,
FB_ORG_03_M152,1/24/16,,1/21/16,Dikili,Mytilene ,39.10008666,26.87564211,39.03597328,26.61247169,
FB_ORG_03_M153,1/24/16,,1/21/16,Cumhuriyet,Mytilene ,39.16281364,26.79047329,,,
FB_ORG_03_M154,1/24/16,,1/21/16,Behram,Lesbos,39.48213372,26.32913551,39.37968349,26.33259887,
FB_ORG_03_M155,1/24/16,,1/20/16,Bademli,Mytilene,39.0387441,26.82521023,39.10109313,26.55756003,
FB_ORG_03_M156,1/24/16,,1/20/16,Ayvalik,Mytilene,39.31142203,26.67416242,,,
FB_ORG_03_M157,1/24/16,,1/15/16,Dikili,Mytilene,39.10008666,26.87564211,39.03597328,26.61247169,
FB_ORG_03_M158,1/24/16,,1/20/16,Cumhuriyet,Mytilene,39.16049351,26.80311895,39.1017093,26.55771807,
FB_ORG_03_M159,1/24/16,,1/14/16,Didim,Farmakonisi,37.34749121,27.21289851,37.28997106,27.08911941,
FB_ORG_03_M160,1/24/16,,1/15/16,Bademli,Mytilene ,39.0387441,26.82521023,39.10109313,26.55756003,
FB_ORG_03_M161,1/24/16,,1/15/15,Karaburun,Chios,38.51373924,26.3937017,38.39400738,26.13625912,
FB_ORG_03_M162,1/24/16,,1/14/16,Bademli,Mytilene,39.0387441,26.82521023,39.10109313,26.55756003,
FB_ORG_03_M163,1/24/16,,1/15/16,Kabakum,Mytilene,39.11167463,26.86384476,39.0927299,26.5606553,
FB_ORG_03_M164,1/24/16,,1/15/16,Çeşme,Chios,38.31969067,26.27978742,38.37200487,26.13750838,
FB_ORG_03_M165,1/24/16,,1/15/16,Behram,Lesbos,39.48213372,26.32913551,39.37968349,26.33259887,
FB_ORG_03_M166,1/24/16,,1/15/16,Didim,Nera,37.39187038,27.217759,37.47812966,27.00619023,
FB_ORG_03_M167,1/24/16,,1/14/16,Mavişehir,Farmakonisi,37.39098096,27.21560371,37.30312098,27.09438064,
FB_ORG_03_M168,1/24/16,,1/14/16,Bademli,Mytilene,39.0387441,26.82521023,39.10109313,26.55756003,
FB_ORG_03_M169,1/24/16,,1/15/16,Didim,Nera,37.39187038,27.217759,37.47559081,26.99722874,
FB_ORG_03_M170,1/24/16,,1/15/16,Didim,Nera,37.39187038,27.217759,37.47875676,27.00247034,
FB_ORG_03_M171,1/24/16,,1/15/16,Dikili,Mytilene,39.10008666,26.87564211,39.03597328,26.61247169,
FB_ORG_03_M172,1/24/16,,1/15/16,Bodrum,Kos,37.03080704,27.4005632,36.89454986,27.29269156,
FB_ORG_03_M173,1/24/16,,1/15/16,Dikili,Mytilene,39.10008666,26.87564211,39.03597328,26.61247169,
FB_ORG_03_M174,1/24/16,,1/15/16,Akyalar,Kos,36.95904224,27.30147305,36.90055935,27.28574041,
FB_ORG_03_M175,1/24/16,,1/15/16,Dikili,Mytilene,39.10008666,26.87564211,39.03597328,26.61247169,
FB_ORG_03_M176,1/24/16,,1/14/16,Bademli,Mytilene,39.0387441,26.82521023,39.10109313,26.55756003,
FB_ORG_03_M177,1/24/16,,1/15/16,Didim,Farmakonisi,37.3365674,27.24975474,37.2805417,27.10344058,
FB_ORG_03_M178,1/24/16,,1/14/16,Izmir beaches,Pasas,38.45200127,26.92617974,38.50647021,26.29002761,
FB_ORG_03_M179,1/21/16,,1/14/16,Bademli,Mytilene,39.0387441,26.82521023,39.10109313,26.55756003,
FB_ORG_03_M180,1/21/16,,1/14/16,Didim,Chios,,,,,
FB_ORG_03_M181,1/21/16,,1/14/16,Çeşme,Chios,38.36685955,26.14362892,38.35628559,26.29918448,
FB_ORG_03_M182,1/21/16,,1/14/16,Dikili,Mytilene ,39.10008666,26.87564211,39.03597328,26.61247169,
FB_ORG_03_M183,1/21/16,,1/14/16,Bademli,Mytilene,39.0387441,26.82521023,39.10109313,26.55756003,
FB_ORG_03_M184,1/21/16,,1/14/16,Bademli,Mytilene,39.0387441,26.82521023,39.10109313,26.55756003,
FB_ORG_03_M185,1/21/16,,1/14/16,Behram,Lesvos,39.48213372,26.32913551,39.37968349,26.33259887,
FB_ORG_03_M186,1/21/16,,1/14/16,Behram,Lesbos,39.48213372,26.32913551,39.37968349,26.33259887,
FB_ORG_03_M187,1/21/16,,1/14/16,Behram,Lesbos,39.48213372,26.32913551,39.37968349,26.33259887,
FB_ORG_03_M188,1/21/16,,1/14/16,Dikili,Mytilene,39.10008666,26.87564211,39.03597328,26.61247169,
FB_ORG_03_M189,1/21/16,,1/14/16,Behram,Lesbos,39.48213372,26.32913551,39.37968349,26.33259887,
FB_ORG_03_M190,1/21/16,,1/14/16,Dikili,Mytilene ,39.10008666,26.87564211,39.03597328,26.61247169,
FB_ORG_03_M191,1/21/16,,1/14/16,Bademli,Mytilene ,39.0387441,26.82521023,39.10109313,26.55756003,
FB_ORG_03_M192,1/21/16,,1/14/16,Ayvalik,Skala,39.31752226,26.69129358,39.37356794,26.30441386,
FB_ORG_03_M193,1/21/16,,1/13/16,Dikili,Mytilene,39.10008666,26.87564211,39.03597328,26.61247169,
FB_ORG_03_M194,1/21/16,,1/9/16,Bademli,Mytilene,39.0387441,26.82521023,39.10109313,26.55756003,
FB_ORG_03_M195,1/21/16,,1/9/16,Kusadasi,Samos,37.88705256,27.26367395,37.77366936,27.02951654,
FB_ORG_03_M196,1/21/16,,1/10/16,Bodrum,Caius,37.02682089,27.39507939,36.89858939,27.28696646,
FB_ORG_03_M197,1/21/16,,1/10/16,Bodrum,Kos,36.96592587,27.27715019,36.91560652,27.27885671,
FB_ORG_03_M198,1/21/16,,1/10/16,Dikili,Mytilene,39.10008666,26.87564211,39.03597328,26.61247169,
FB_ORG_03_M199,1/21/16,,1/9/16,Dikili,Mytilene,39.10008666,26.87564211,39.03597328,26.61247169,
FB_ORG_03_M200,1/21/16,,1/9/16,Dikili,Mytilene,39.10008666,26.87564211,39.03597328,26.61247169,
FB_ORG_03_M201,1/21/16,,1/9/16,Bademli,Mytilene,39.0387441,26.82521023,39.10109313,26.55756003,
FB_ORG_03_M202,1/21/16,,1/9/16,Bademli,Mytilene,39.0387441,26.82521023,39.10109313,26.55756003,
FB_ORG_03_M203,1/21/16,,1/9/16,Gachma,Chios,38.34906987,26.28356376,38.36639529,26.14329722,
FB_ORG_03_M204,1/21/16,,1/9/16,Bademli,Mytilene,39.0387441,26.82521023,39.10109313,26.55756003,
FB_ORG_03_M205,1/21/16,,1/9/16,Bademli,Mytilene,39.0387441,26.82521023,39.10109313,26.55756003,
FB_ORG_03_M206,1/21/16,,1/9/16,Dikili,Mytilene,39.10008666,26.87564211,39.03597328,26.61247169,
FB_ORG_03_M207,1/21/16,,1/9/16,Bademli,Mytilene,39.0387441,26.82521023,39.10109313,26.55756003,
FB_ORG_03_M208,1/21/16,,1/9/16,Bademli,Mytilene,39.0387441,26.82521023,39.10109313,26.55756003,
FB_ORG_03_M209,1/21/16,,1/9/16,Bademli,Mytilene,39.0387441,26.82521023,39.10109313,26.55756003,
FB_ORG_03_M210,1/21/16,,1/9/16,Behram,Lesbos,39.48213372,26.32913551,39.37968349,26.33259887,
FB_ORG_03_M211,1/21/16,,1/9/16,Didim,Nera,37.39187038,27.217759,37.47438373,26.99449019,
FB_ORG_03_M212,1/21/16,,1/9/16,Didim,Lesbos,,,,,
FB_ORG_03_M213,1/21/16,,1/9/16,Hishima,Caius,38.26965185,26.26158892,38.25605468,26.10509362,
FB_ORG_03_M214,1/21/16,,1/9/16,Hishima,Caius,38.25969496,26.29583263,38.25605468,26.10509362,
FB_ORG_03_M215,1/21/16,,1/9/16,Dikili,Mytilene,39.10008666,26.87564211,39.03597328,26.61247169,
FB_ORG_03_M216,1/21/16,,1/9/16,Dikili,Mytilene,39.10008666,26.87564211,39.03597328,26.61247169,
FB_ORG_03_M217,1/21/16,,1/9/16,Dikili,Mytilene,39.10008666,26.87564211,39.03597328,26.61247169,
FB_ORG_03_M218,1/21/16,,1/9/16,Dikili,Mytilene,39.10008666,26.87564211,39.03597328,26.61247169,
FB_ORG_03_M219,1/21/16,,1/9/16,Hishima,Caius,38.33023452,26.29497116,38.37364405,26.1397643,
FB_ORG_03_M220,1/21/16,,,Behram,Lesbos,39.48309651,26.33191639,39.37954186,26.33211101,
FB_ORG_03_M221,1/21/16,,,Asus,Mytilene,39.48603524,26.33852269,39.37314069,26.31499515,
FB_ORG_03_M222,1/21/16,,,Hishima,Caius,38.2262133,26.33633494,38.2378599,26.11066336,
FB_ORG_03_M223,1/21/16,,,Dikili,Lesbos,39.0829056,26.88499807,39.06477871,26.59793334,
FB_ORG_03_M224,1/21/16,,1/8/16,Behram,Lesbos,39.48213372,26.32913551,39.37968349,26.33259887,
FB_ORG_03_M225,1/21/16,,1/8/16,Bademli,Lesbos,39.0387441,26.82521023,39.04215864,26.61232687,
FB_ORG_03_M226,1/21/16,,1/3/16,Bademli,back to turkey,39.03748512,26.82234483,39.04715523,26.80571013,
FB_ORG_03_M227,1/21/16,,1/3/16,Kusadasi,Samos,37.73513171,27.24470079,37.73508969,27.04010023,
FB_ORG_03_M228,1/21/16,,1/3/16,Babkom,Pasas,38.54825822,26.37495504,38.50526269,26.28851309,
FB_ORG_03_M229,1/21/16,,1/3/16,Dikili,Mytilene,39.10008666,26.87564211,39.03597328,26.61247169,
FB_ORG_03_M230,1/21/16,,2/1/15,,back to turkey,39.020648,26.782926,39.01850192,26.79972062,
FB_ORG_03_M231,1/21/16,,1/2/16,Dikili,back to turkey,39.05363029,26.84960057,39.05606841,26.84188013,
FB_ORG_03_M232,1/21/16,,1/2/16,Dikili,Mytilene,39.10008666,26.87564211,39.03597328,26.61247169,
FB_ORG_03_M234,1/21/16,,1/2/16,Çeşme,Chios,38.31969067,26.27978742,38.37200487,26.13750838,
FB_ORG_03_M234,1/21/16,,1/2/16,Dikili,Mytilene,39.10008666,26.87564211,39.03597328,26.61247169,
FB_ORG_03_M235,1/21/16,,1/2/16,Dikili,Mytilene,39.10008666,26.87564211,39.03597328,26.61247169,
FB_ORG_03_M236,1/21/16,,1/1/16,Bademli,Mytilene,39.0387441,26.82521023,39.10109313,26.55756003,
FB_ORG_03_M237,1/21/16,,12/29/15,Bademli,Mytilene,39.0387441,26.82521023,39.10109313,26.55756003,
FB_ORG_03_M238,1/21/16,,12/29/15,Didim,back to turkey,37.34644149,27.26902771,37.31783982,27.22852664,
FB_ORG_03_M239,1/21/16,,12/29/15,Hishima,Caius,38.2262133,26.33633494,38.24441643,26.10486773,
FB_ORG_03_M240,1/21/16,,12/29/15,Behram,Lesbos,39.48213372,26.32913551,39.37968349,26.33259887,
FB_ORG_03_M241,1/21/16,,12/28/15,Dikili,Mytilene,39.10008666,26.87564211,39.03597328,26.61247169,
FB_ORG_03_M242,1/21/16,,12/28/15,Dikili,Mytilene ,39.10008666,26.87564211,39.03597328,26.61247169,
FB_ORG_03_M243,1/21/16,,12/28/15,Behram,Lesbos,39.48213372,26.32913551,39.37968349,26.33259887,
FB_ORG_03_M244,1/21/16,,12/28/15,Bademli,Mytilene,39.0387441,26.82521023,39.10109313,26.55756003,
FB_ORG_03_M245,1/21/16,,12/27/15,Bademli,Mytilene,39.01746147,26.79960329,39.10109313,26.55756003,
FB_ORG_03_M246,1/21/16,,12/26/15,Bademli,Mytilene,39.01746147,26.79960329,39.10109313,26.55756003,
FB_ORG_03_M247,1/21/16,,12/26/15,Kas,Kastellolorizo,36.18651596,29.59387744,36.16609557,29.59342688,
FB_ORG_03_M248,1/21/16,,12/27/15,Behram,Lesbos,39.48213372,26.32913551,39.37968349,26.33259887,
FB_ORG_03_M249,1/21/16,,12/27/15,Hishima,Caius,38.36044592,26.28356729,38.39092408,26.13933862,
FB_ORG_03_M250,1/21/16,,12/27/15,Behram,Lesbos,39.48213372,26.32913551,39.37968349,26.33259887,
FB_ORG_03_M251,1/20/16,,12/26/15,Behram,Lesbos,39.48213372,26.32913551,39.37968349,26.33259887,
FB_ORG_03_M252,1/20/16,,12/23/15,Bademli,Mytilene,39.0387441,26.82521023,39.10109313,26.55756003,
FB_ORG_03_M253,1/20/16,,12/23/15,Bademli,Mytilene,39.0387441,26.82521023,39.10109313,26.55756003,
FB_ORG_03_M254,1/20/16,,12/23/15,Bademli,Mytilene,39.0387441,26.82521023,39.10109313,26.55756003,
FB_ORG_03_M255,1/20/16,,12/24/15,Behram,Lesbos,39.48213372,26.32913551,39.37968349,26.33259887,
FB_ORG_03_M256,1/20/16,,12/24/15,Kabakum,Mytilene ,39.13506627,26.84198357,39.08723905,26.56887291,
FB_ORG_03_M257,1/20/16,,12/24/15,Kabakum,Mytilene,39.13506627,26.84198357,39.08723905,26.56887291,
FB_ORG_03_M258,1/20/16,,12/23/15,Kabakum,Mytilene,39.13506627,26.84198357,39.08723905,26.56887291,
FB_ORG_03_M259,1/20/16,,12/23/15,Behram,Lesbos,39.48213372,26.32913551,39.37968349,26.33259887,
FB_ORG_03_M260,1/20/16,,12/23/15,Bademli,Mytilene,39.0387441,26.82521023,39.10109313,26.55756003,
FB_ORG_03_M261,1/20/16,,12/23/15,Bademli,Mytilene,39.0387441,26.82521023,39.10109313,26.55756003,
FB_ORG_03_M262,1/20/16,,12/23/15,Karaburun,Pasas,38.51373924,26.3937017,38.50252851,26.2926918,
FB_ORG_03_M263,1/20/16,,12/23/15,Behram,Lesbos,39.48213372,26.32913551,39.37968349,26.33259887,
FB_ORG_03_M264,1/20/16,,12/21/15,Behram,Lesbos,39.48213372,26.32913551,39.37968349,26.33259887,
FB_ORG_03_M265,1/20/16,,12/21/15,Bademli,Mytilene,39.0387441,26.82521023,39.10109313,26.55756003,
FB_ORG_03_M266,1/18/16,,12/21/15,Hishima,Caius,38.35781849,26.30468861,38.37104545,26.14298809,
FB_ORG_03_M267,1/18/16,,12/21/15,Hishima,Caius,38.25754218,26.30005977,38.29958472,26.14035566,
FB_ORG_03_M268,1/18/16,,12/21/15,Bademli,Mytilene,39.03822207,26.82388431,39.04212774,26.61261624,
FB_ORG_03_M269,1/18/16,,12/21/15,Behram,Lesbos,39.48213372,26.32913551,39.37968349,26.33259887,
FB_ORG_03_M270,1/18/16,,12/20/15,Didim,n/a,,,,,
FB_ORG_03_M271,1/18/16,,12/21/15,Behram,Lesbos,39.48213372,26.32913551,39.37968349,26.33259887,
FB_ORG_03_M272,1/18/16,,12/20/15,Bademli,Mytilene,39.0387441,26.82521023,39.10109313,26.55756003,
FB_ORG_03_M273,1/18/16,,12/22/15,Bademli,Mytilene,39.0387441,26.82521023,39.10109313,26.55756003,
FB_ORG_03_M274,1/18/16,,12/22/15,Bektash,Efthalou,39.48039594,26.25956788,39.3827224,26.23672874,
FB_ORG_03_M275,1/18/16,,12/22/15,n/a,n/a,,,,,
FB_ORG_03_M276,1/18/16,,12/20/15,Kabakum,Mytilene,39.13506627,26.84198357,39.08723905,26.56887291,
FB_ORG_03_M277,1/18/16,,12/20/15,Behram,Lesbos,39.48213372,26.32913551,39.37968349,26.33259887,
FB_ORG_03_M278,1/18/16,,12/20/15,Kabakum,Mytilene,39.13506627,26.84198357,39.08723905,26.56887291,
FB_ORG_03_M279,1/18/16,,12/20/15,Kusadasi,Samos,37.82491064,27.24756019,37.77838608,27.0636487,
FB_ORG_03_M281,1/18/16,,12/20/15,Burhaniye,Mytilene,39.50522127,26.93406745,39.37699035,26.36392411,
FB_ORG_03_M281,1/18/16,,12/20/15,Dikili,Mytilene,39.10008666,26.87564211,39.03597328,26.61247169,
FB_ORG_03_M282,1/18/16,,12/20/15,Kusadasi,Samos,37.74695959,27.25269303,37.73162611,27.03602464,
FB_ORG_03_M283,1/18/16,,12/20/15,Kabakum,Varia,39.13506627,26.84198357,39.08008123,26.57924129,
FB_ORG_03_M284,1/18/16,,12/19/15,Bademli,Varia,39.0387441,26.82521023,39.08185576,26.57730577,
FB_ORG_03_M285,1/18/16,,12/19/15,Bademli,Varia,39.0387441,26.82521023,39.08185576,26.57730577,
FB_ORG_03_M286,1/18/16,,12/19/15,Bademli,Varia,39.0387441,26.82521023,39.08185576,26.57730577,
FB_ORG_03_M287,1/18/16,,12/19/15,Didim,Farmakonisi,37.35655588,27.20595328,37.30041086,27.09858463,
FB_ORG_03_M288,1/18/16,,12/19/15,Pacom,Faria,39.11377376,26.86158198,39.0744848,26.58579195,
FB_ORG_03_M289,1/18/16,,12/17/15,n/a,,,,,,
FB_ORG_03_M290,1/18/16,,12/16/15,Kabakum,Varia,39.13506627,26.84198357,39.08008123,26.57924129,
FB_ORG_03_M291,1/18/16,,12/16/15,Bodrum,Caius,37.02683129,27.38015556,36.89088564,27.30223215,
FB_ORG_03_M292,1/18/16,,12/15/15,Çeşme,turkish island by mistake,,,,,
FB_ORG_03_M293,1/18/16,,12/15/16,Behram,Lesbos,39.48213372,26.32913551,39.37968349,26.33259887,
FB_ORG_03_M294,1/18/16,,12/15/15,Pacom,Faria ,39.11937151,26.85363433,39.08102629,26.5780981,
FB_ORG_03_M295,1/18/16,,12/15/15,Karaburun,Pasas,38.485639,26.4035,38.50252851,26.2926918,
FB_ORG_03_M296,1/18/16,,12/15/15,Karaburun,Pasas,38.51373924,26.3937017,38.50252851,26.2926918,
FB_ORG_03_M297,1/18/16,,12/15/15,Çeşme,Chios,38.36158148,26.29794525,38.37200487,26.13750838,
FB_ORG_03_M298,1/18/16,,12/15/15,Çeşme,Karfas,38.31850401,26.27965923,38.32121579,26.15380788,
FB_ORG_03_M299,1/18/16,,12/15/15,n/a,Chios,,,,,
FB_ORG_03_M300,1/18/16,,12/14/15,Çeşme,Monolaa,38.31969067,26.27978742,38.30737006,26.15722894,
FB_ORG_03_M301,1/18/16,,12/14/15,n/a,Mytilene,,,,,
FB_ORG_03_M302,1/18/16,,12/14/15,n/a,Chios,,,,,
FB_ORG_03_M303,1/18/16,,12/14/15,Didim,Farmakonisi,37.41234112,27.22031274,37.29016645,27.08764969,
FB_ORG_03_M304,1/18/16,,12/14/15,n/a,Samos,,,,,
FB_ORG_03_M305,1/18/16,,12/14/15,Kabakum,Varia,39.13506627,26.84198357,39.08008123,26.57924129,
FB_ORG_03_M306,1/18/16,,12/12/15,Didim,Nera,37.39187038,27.217759,37.45580508,26.96720683,
FB_ORG_03_M307,1/18/16,,12/11/15,Hishima,Caius,38.25754218,26.30005977,38.27215741,26.10347733,
FB_ORG_03_M308,1/18/16,,12/11/15,Altinova,Varia,39.22398651,26.73611434,39.08195094,26.57710128,
FB_ORG_03_M309,1/17/16,,12/11/15,Kabakum,Mytilene,39.13506627,26.84198357,39.08723905,26.56887291,
FB_ORG_03_M310,1/17/16,,12/11/15,,Chios,38.22881976,26.34683891,38.28833714,26.12907475,
FB_ORG_03_M311,1/17/16,,12/15/15,Didim,Farmakonisi,37.38757772,27.21259647,37.30685379,27.09108797,
FB_ORG_03_M312,1/17/16,,12/11/15,Didim,Nera,37.37167264,27.20417012,37.47436754,26.99370062,
FB_ORG_03_M313,1/17/16,,12/10/15,n/a,Galazio,,,,,
FB_ORG_03_M314,1/17/16,,12/10/15,Çeşme,Vokaria,38.26973463,26.25784293,38.24001244,26.10818382,
FB_ORG_03_M315,1/17/16,,12/9/15,Didim,Marmara,,,,,
FB_ORG_03_M316,1/17/16,,12/8/15,Kabakum,Varia,39.13506627,26.84198357,39.08008123,26.57924129,
FB_ORG_03_M317,1/17/16,,12/8/15,Kabakum,Varia,39.13506627,26.84198357,39.08008123,26.57924129,
FB_ORG_03_M318,1/17/16,,12/8/15,Kabakum,Varia,39.13506627,26.84198357,39.08008123,26.57924129,
FB_ORG_03_M319,1/17/16,,12/3/15,Çeşme,Chios,38.31969067,26.27978742,38.37200487,26.13750838,
FB_ORG_03_M320,1/17/16,,12/5/15,Kabakum,Varia,39.13506627,26.84198357,39.08008123,26.57924129,
FB_ORG_03_M321,1/17/16,,12/5/15,n/a,n/a,,,,,
FB_ORG_03_M322,1/17/16,,12/5/15,n/a,Faraya,,,,,
FB_ORG_03_M323,1/17/16,,12/5/15,Yeniköy,Kastellorizo,36.20283178,29.57339572,36.15879989,29.5801312,
FB_ORG_03_M324,1/17/16,,12/5/15,Gökçeören,Ro,36.21052867,29.52318584,36.15746177,29.49588655,
FB_ORG_03_M325,1/17/16,,12/5/15,Gökçeören,Ro,36.21052867,29.52318584,36.15746177,29.49588655,
FB_ORG_03_M326,01/17/016,,12/5/15,n/a,kos,,,,,
FB_ORG_03_M327,1/17/16,,12/5/15,n/a,Chios,,,,,
FB_ORG_03_M328,1/17/16,,12/5/15,Kabakum,Varia,39.13506627,26.84198357,39.08008123,26.57924129,
FB_ORG_03_M329,1/17/16,,12/1/15,Çeşme,Chios,38.31969067,26.27978742,38.37200487,26.13750838,
FB_ORG_03_M330,1/17/16,,12/1/15,Bademli,Mytilene,39.0387441,26.82521023,39.10109313,26.55756003,
FB_ORG_03_M331,1/17/16,,11/30/15,n/a,Mytilene,,,,,
FB_ORG_03_M332,1/17/16,,11/30/15,n/a,Palios,,,,,
FB_ORG_03_M334,1/17/16,,12/1/15,n/a,n/a,,,,,
FB_ORG_03_M335,1/17/16,,12/1/15,Behram,Lesbos,39.48213372,26.32913551,39.37968349,26.33259887,
FB_ORG_03_M336,1/17/16,,,n/a,Farmakonisi,,,,,
FB_ORG_03_M337,1/17/16,,,n/a,n/a,,,,,
FB_ORG_03_M338,1/17/16,,11/24/15,Assos,Lesbos,39.48508647,26.33490218,39.38870614,26.33913493,
FB_ORG_03_M339,1/17/16,,11/24/15,n/a,Mytilene ,,,,,
FB_ORG_03_M340,1/17/16,,11/20/15,Behram,Lesbos,38.520381,26.379366,38.50565,26.30112,
FB_ORG_03_M341,1/17/16,,11/20/15,Didim,Farmakonisi,37.37914326,27.2112922,37.30685379,27.09108797,
FB_ORG_03_M342,1/17/16,,11/20/15,Çeşme,Chios,38.267175,26.277346,38.37200487,26.13750838,
FB_ORG_03_M343,1/17/16,,11/20/15,,Chios,38.26736652,26.27553908,38.28335724,26.11636754,
FB_ORG_03_M344,1/17/16,,11/20/15,n/a,Chios,,,,,
FB_ORG_03_M345,1/17/16,,11/19/15,Denizköy,Mytilene ,38.95290796,26.81144502,39.02656293,26.61552644,
FB_ORG_03_M346,1/17/16,,11/17/15,Didim,Nera,37.37579555,27.21240692,37.47600786,26.9991928,
FB_ORG_03_M347,1/17/16,,11/16/15,Babakale,Mytilene ,39.47916913,26.06379054,39.37449915,26.18054225,
FB_ORG_03_M348,1/17/16,,11/16/15,Cumhuriyet,Agrilia,39.166431,26.77246953,39.02454483,26.61517871,
FB_ORG_03_M349,1/17/16,,11/14/15,Bademli,Agrilia,39.0387441,26.82521023,39.02454483,26.61517871,
FB_ORG_03_M350,1/17/16,,11/1/15,Karaburun,Pasas,38.520381,26.379366,38.50252851,26.2926918,
FB_ORG_03_M351,1/17/16,,11/13/15,n/a,n/a,,,,,